Titulo;Autor;Interprete;Tom;Categoria;Categoria rotulo;Link da letra;Link da cifra;Link de referencia;Observacao;Ativo
A BÍBLIA É A PALAVRA DE DEUS;Paulo Roberto ;Oaulo Roberto;;ENTRADA;Entrada;https://www.letras.mus.br/paulo-roberto/876291/;https://www.letras.mus.br/paulo-roberto/876291/;;Entrada / Palavra de Deus;Sim
A FORÇA DA EUCARISTIA;Ir. Míria T. Kolling;Ir. Míria T. Kolling;;COMUNHAO;Comunhão;https://www.cifraclub.com.br/irma-miria-t-kolling/a-forca-da-eucaristia/;https://www.cifraclub.com.br/irma-miria-t-kolling/a-forca-da-eucaristia/;https://www.youtube.com/watch?v=czSDh21BdEQ;Comunhão / força da Eucaristia;Sim
A MORTE JÁ NÃO MATA MAIS;Waldeci Farias;Waldeci Farias;;OFERTORIO;Apresentação das Oferendas;https://www.cifraclub.com.br/waldeci-farias/1759710/letra/;https://www.cifraclub.com.br/waldeci-farias/1759710/letra/;;Apresentação das oferendas / Todos os Santos;Sim
A NÓS DESCEI, DIVINA LUZ;Reginaldo Veloso;CNBB / Música Litúrgica;;ESPIRITO_SANTO;Espírito Santo;https://www.cifraclub.com.br/catolicas/a-nos-descei-divina-luz/;https://www.cifraclub.com.br/catolicas/a-nos-descei-divina-luz/;https://www.youtube.com/watch?v=UcAo7Nzf-mg;Pentecostes / invocação ao Espírito Santo;Sim
A OVELHA SOU EU;Toca de Assis;Toca de Assis;;ATO_PENITENCIAL;Ato Penitencial;https://www.cifraclub.com.br/toca-de-assis/a-ovelha-sou-eu/;https://www.cifraclub.com.br/toca-de-assis/a-ovelha-sou-eu/;;Reconciliação / ato penitencial;Sim
A PALAVRA DE DEUS NOS CONVIDA;;;;ENTRADA;Entrada;https://www.cifraclub.com.br/andreia-zanardi-e-renato-palao/a-palavra-de-deus-nos-convida/;https://www.cifraclub.com.br/andreia-zanardi-e-renato-palao/a-palavra-de-deus-nos-convida/;;Entrada / Palavra de Deus;Sim
A TERRA AMIGA;"Frei José Moacyr Cadenassi, OFMCap; música: Frei José Luiz Prim, OFM";Frei José Luiz Prim, OFM;;OFERTORIO;Apresentação das Oferendas;;;;Apresentação das oferendas / Celebrações marianas;Sim
A TERRA APAVORADA EMUDECEU;Frei Joel Postma, OFM;Frei Joel Postma, OFM;;COMUNHAO;Comunhão;https://www.cifraclub.com.br/cnbb/a-terra-apavorada-emudeceu-/;https://www.cifraclub.com.br/cnbb/a-terra-apavorada-emudeceu-/;;Comunhão / Ascensão do Senhor;Sim
A TREZE DE MAIO;Repertório católico tradicional;Músicas Católicas;;MARIANA;Mariana;https://www.cifraclub.com.br/catolicas/a-treze-de-maio/;https://www.cifraclub.com.br/catolicas/a-treze-de-maio/;https://www.youtube.com/results?search_query=M%C3%BAsicas+Cat%C3%B3licas+A+TREZE+DE+MAIO;Mariana / Nossa Senhora de Fátima;Sim
A VIDA DOS JUSTOS;"Graduale Romanum; Liturgia das Horas; música: Fr. Joel Postma, OFM";Fr. Joel Postma, OFM;;OFERTORIO;Apresentação das Oferendas;;;;Apresentação das oferendas / Todos os Santos / Fiéis Defuntos;Sim
ACEITA, SENHOR, COM PRAZER;"Reginaldo Veloso; música: Daniel De Angeles";CNBB / Música Litúrgica;;OFERTORIO;Apresentação das Oferendas;https://www.cifraclub.com.br/cnbb/aceita-senhor/;https://www.cifraclub.com.br/cnbb/aceita-senhor/;;Apresentação das oferendas / Quaresma;Sim
ADORAR-TE, SENHOR;Comunidade Católica Shalom;Comunidade Católica Shalom;;ADORACAO;Adoração;https://www.cifraclub.com.br/comunidade-catolica-shalom/adorar-te-senhor/;https://www.cifraclub.com.br/comunidade-catolica-shalom/adorar-te-senhor/;https://www.youtube.com/results?search_query=Comunidade+Cat%C3%B3lica+Shalom+ADORAR-TE%2C+SENHOR;Adoração / louvor;Sim
ALEGRES VAMOS À CASA DO PAI;;;;ENTRADA;Entrada;https://www.cifraclub.com.br/cnbb/alegres-vamos-casa-do-pai/;https://www.cifraclub.com.br/cnbb/alegres-vamos-casa-do-pai/;;Entrada / reunião da assembleia;Sim
ALELUIA, EU SOU O PÃO DA VIDA;Pe. José Weber, SVD;Pe. José Weber, SVD;;ACLAMACAO;Aclamação ao Evangelho;;;;"Aclamação ao Evangelho / Corpus Christi; referência no Hinário Litúrgico da CNBB";Sim
ALELUIA, EU SOU O PÃO VIVO;Ir. Janete Stürmer;Ir. Janete Stürmer;;ACLAMACAO;Aclamação ao Evangelho;https://www.cifraclub.com.br/ministerio-alfa-e-omega/aleluia-eu-sou-o-pao-vivo/;https://www.cifraclub.com.br/ministerio-alfa-e-omega/aleluia-eu-sou-o-pao-vivo/;https://www.youtube.com/watch?v=WWsl5DciSLs;Aclamação ao Evangelho / Corpus Christi;Sim
ALELUIA, EU TE LOUVO, Ó PAI SANTO;Reginaldo Veloso;Reginaldo Veloso;;ACLAMACAO;Aclamação ao Evangelho;https://www.cifraclub.com.br/cnbb/aleluia-eu-te-louvo-o-pai-santo/;https://www.cifraclub.com.br/cnbb/aleluia-eu-te-louvo-o-pai-santo/;;Aclamação ao Evangelho / Comemoração dos Fiéis Defuntos;Sim
ALELUIA, GLÓRIA AO PAI;Ir. Míria T. Kolling;Ir. Míria T. Kolling;;ACLAMACAO;Aclamação ao Evangelho;https://www.cifraclub.com.br/irma-miria-t-kolling/aleluia-gloria-ao-pai/;https://www.cifraclub.com.br/irma-miria-t-kolling/aleluia-gloria-ao-pai/;;Aclamação ao Evangelho / Santíssima Trindade;Sim
ALELUIA, MARIA É ELEVADA;"Valdeci Farias; José Acácio Santana";CNBB / Música Litúrgica;;ACLAMACAO;Aclamação ao Evangelho;https://www.cifraclub.com.br/lecionario-cnbb/aleluia-maria-e-elevada-aos-ceus/;https://www.cifraclub.com.br/lecionario-cnbb/aleluia-maria-e-elevada-aos-ceus/;;Aclamação ao Evangelho / Assunção de Nossa Senhora;Sim
ALELUIA, NÓS VOS ADORAMOS;Frei Fabreti, OFM;Frei Fabreti, OFM;;ACLAMACAO;Aclamação ao Evangelho;;;;Aclamação ao Evangelho / Exaltação da Santa Cruz;Sim
ALELUIA, VINDE A MIM;Reginaldo Veloso;Reginaldo Veloso;;ACLAMACAO;Aclamação ao Evangelho;;;;Aclamação ao Evangelho / Todos os Santos;Sim
ALELUIA, VINDE ESPÍRITO;Fr. Joel Postma;Fr. Joel Postma;;ACLAMACAO;Aclamação ao Evangelho;;;https://www.youtube.com/watch?v=7HdHVsBdE0w;Aclamação ao Evangelho / Pentecostes;Sim
ALELUIA, VINDE, ESPÍRITO SANTO;Frei Fabreti, OFM;Frei Fabreti, OFM;;ACLAMACAO;Aclamação ao Evangelho;;;https://www.youtube.com/watch?v=SlJDn4Tz-3c;Aclamação ao Evangelho / Pentecostes;Sim
ALELUIA, É ESTA A VONTADE DE QUEM ME ENVIOU;D.R.;D.R.;;ACLAMACAO;Aclamação ao Evangelho;;;;Aclamação ao Evangelho / Comemoração dos Fiéis Defuntos;Sim
ANJOS DO SENHOR;Paulo Neto;Paulo Neto;;COMUNHAO;Comunhão;;;;Comunhão / Santos Arcanjos / Daniel 3;Sim
AVE DE FÁTIMA;Repertório católico tradicional;Músicas Católicas;;MARIANA;Mariana;https://www.cifraclub.com.br/catolicas/ave-de-fatima/;https://www.cifraclub.com.br/catolicas/ave-de-fatima/;https://www.youtube.com/results?search_query=M%C3%BAsicas+Cat%C3%B3licas+AVE+DE+F%C3%81TIMA;Mariana / Nossa Senhora de Fátima;Sim
AVE MARIA;Pe. Zezinho, SCJ;Padre Zezinho;;MARIANA;Mariana;https://www.cifraclub.com.br/padre-zezinho/ave-maria/;https://www.cifraclub.com.br/padre-zezinho/ave-maria/;https://www.youtube.com/results?search_query=Padre+Zezinho+AVE+MARIA;Mariana / Ave-Maria;Sim
AVE, RAINHA DO CÉU;"Liturgia das Horas; música: Pe. José Weber";Pe. José Weber;;FINAL;Final;https://www.cifraclub.com.br/padre-jose-weber/ave-rainha-do-ceu/;https://www.cifraclub.com.br/padre-jose-weber/ave-rainha-do-ceu/;https://www.youtube.com/results?search_query=Pe.+Jos%C3%A9+Weber+AVE%2C+RAINHA+DO+C%C3%89U;"Canto final / antífona mariana; indicada pela CNBB";Sim
AVE, RAINHA DO CÉU (VIRGEM MÃE, Ó MARIA);"Liturgia das Horas; música: D.R.";CNBB / Música Litúrgica;;FINAL;Final;https://www.cifraclub.com.br/cnbb/ave-rainha-do-ceu-virgem-mae-o-maria/;https://www.cifraclub.com.br/cnbb/ave-rainha-do-ceu-virgem-mae-o-maria/;https://www.youtube.com/results?search_query=CNBB+%2F+M%C3%BAsica+Lit%C3%BArgica+AVE%2C+RAINHA+DO+C%C3%89U+%28VIRGEM+M%C3%83E%2C+%C3%93+MARIA%29;Canto final / antífona mariana / Tempo Comum;Sim
BEM AVENTURADA ÉS;"Gradual Romano; música e adaptação: Gílson Celerino";Gílson Celerino;;OFERTORIO;Apresentação das Oferendas;;;;Apresentação das oferendas / Assunção / Imaculada Conceição;Sim
BEM AVENTURADOS;Padre Zezinho;Padre Zezinho;;ENTRADA;Entrada;https://www.cifraclub.com.br/padre-zezinho/bem-aventurados/;https://www.cifraclub.com.br/padre-zezinho/bem-aventurados/;;Entrada / bem-aventuranças;Sim
BENDEZEI O SENHOR NOS ALTOS CÉUS E NAS ALTURAS;Joseph Gelineau;Joseph Gelineau;;COMUNHAO;Comunhão;;;;Comunhão / Santos Arcanjos / Salmo 148;Sim
BENDITO SEJA DEUS;D.R.;D.R.;;ENTRADA;Entrada;;;https://www.youtube.com/watch?v=KhD5qAJlX54;Entrada / Santíssima Trindade;Sim
BENDITO SEJA DEUS PAI;;;;ENTRADA;Entrada;https://www.cifraclub.com.br/catolicas/bendito-seja-deus-pai/;https://www.cifraclub.com.br/catolicas/bendito-seja-deus-pai/;;Entrada / louvor trinitário;Sim
BENDITO SEJA O NOME DO SENHOR;"Missal Romano; música: Pe. José Weber, SVD";Pe. José Weber, SVD;;OFERTORIO;Apresentação das Oferendas;https://www.cifraclub.com.br/pe-jose-weber/bendito-seja-o-nome-do-senhor/;https://www.cifraclub.com.br/pe-jose-weber/bendito-seja-o-nome-do-senhor/;;"Apresentação das oferendas / Ascensão; indicada quando cantada pelo presidente";Sim
BENDITO SEJAS;CNBB / Música Litúrgica;CNBB / Música Litúrgica;;OFERTORIO;Apresentação das Oferendas;https://www.cifraclub.com.br/cnbb/bendito-sejas/;https://www.cifraclub.com.br/cnbb/bendito-sejas/;;Apresentação das oferendas / Missa do Crisma;Sim
BENDITO SEJAS TU;José Alves;José Alves;;ENTRADA;Entrada;https://www.cifraclub.com.br/catolicas/bendito-sejas-tu/;https://www.cifraclub.com.br/catolicas/bendito-sejas-tu/;https://www.youtube.com/watch?v=abwQk_33zJA;Entrada / Santíssima Trindade;Sim
BENDIZEI NOSSO DEUS;Reginaldo Veloso;Reginaldo Veloso;;ENTRADA;Entrada;;;https://www.youtube.com/watch?v=BzRnFAp599Y;Entrada / Santíssima Trindade;Sim
CANTAI AO SENHOR UM NOVO CANTO;"Geraldo Leite Bastos; música: Reginaldo Veloso";Reginaldo Veloso;;OFERTORIO;Apresentação das Oferendas;;;;Apresentação das oferendas / Ascensão do Senhor;Sim
CELEBRAR;Salette Ferreira;Salette Ferreira;;ENTRADA;Entrada;https://www.cifraclub.com.br/salette-ferreira/celebrar/;https://www.cifraclub.com.br/salette-ferreira/celebrar/;;Entrada / celebração;Sim
COM ALEGRIA CANTAR;;;;ENTRADA;Entrada;;;;Entrada / alegria da assembleia;Sim
COM ALEGRIA E GRATIDÃO;Ricardo Sabino;Ricardo Sabino;;ENTRADA;Entrada;;;;Entrada / ação de graças;Sim
COM GRANDE ALEGRIA;Ir. Míria T. Kolling;Ir. Míria T. Kolling;;ENTRADA;Entrada;https://www.cifraclub.com.br/irma-miria-t-kolling/com-grande-alegria/;https://www.cifraclub.com.br/irma-miria-t-kolling/com-grande-alegria/;;Entrada / alegria;Sim
COM MINHA MÃE ESTAREI;Repertório católico tradicional;Músicas Católicas;;MARIANA;Mariana;https://www.cifraclub.com.br/catolicas/com-minha-mae-estarei/;https://www.cifraclub.com.br/catolicas/com-minha-mae-estarei/;https://www.youtube.com/results?search_query=M%C3%BAsicas+Cat%C3%B3licas+COM+MINHA+M%C3%83E+ESTAREI;Mariana / devoção filial;Sim
COM PEDRO E COM PAULO;;;;ENTRADA;Entrada;;;;Entrada / São Pedro e São Paulo;Sim
COMAM DO PÃO;Jacques Berthier;Jacques Berthier;;COMUNHAO;Comunhão;;;;Comunhão / Salmo 18 / Eucaristia;Sim
COMO IREI RETRIBUIR AO MEU SENHOR;CNBB / Música Litúrgica;CNBB / Música Litúrgica;;OFERTORIO;Apresentação das Oferendas;https://www.cifraclub.com.br/cnbb/como-irei-retribuir-ao-meu-senhor/;https://www.cifraclub.com.br/cnbb/como-irei-retribuir-ao-meu-senhor/;;Apresentação das oferendas / Missa do Crisma / Salmo 115;Sim
COMO SÃO BELOS;Padre Zezinho;Padre Zezinho;;ENTRADA;Entrada;https://www.cifraclub.com.br/padre-zezinho/como-sao-belos/;https://www.cifraclub.com.br/padre-zezinho/como-sao-belos/;;Entrada / missão e anúncio;Sim
CONFESSO A DEUS;Comunidade Recado;Comunidade Recado;;ATO_PENITENCIAL;Ato Penitencial;https://www.cifraclub.com.br/comunidade-recado/confesso-a-deus/;https://www.cifraclub.com.br/comunidade-recado/confesso-a-deus/;;Ato penitencial / perdão;Sim
CONFIA, MINH'ALMA, NO SENHOR;Pe. Joseph Gelineau;Pe. Joseph Gelineau;;OFERTORIO;Apresentação das Oferendas;;;;Apresentação das oferendas / Fiéis Defuntos / Salmo 129;Sim
CONFIRMAI, Ó DEUS;Frei Wanderson Freitas;CNBB / Música Litúrgica;;OFERTORIO;Apresentação das Oferendas;https://www.cifraclub.com.br/cnbb/confirmai-o-deus/;https://www.cifraclub.com.br/cnbb/confirmai-o-deus/;https://www.youtube.com/watch?v=TEeY0Zuytc0;Apresentação das oferendas / Pentecostes;Sim
CONSAGRAÇÃO A NOSSA SENHORA;Repertório católico tradicional;Frei Gilson;;MARIANA;Mariana;https://www.cifraclub.com.br/frei-gilson/consagracao-a-nossa-senhora/;https://www.cifraclub.com.br/frei-gilson/consagracao-a-nossa-senhora/;https://www.youtube.com/results?search_query=Frei+Gilson+CONSAGRA%C3%87%C3%83O+A+NOSSA+SENHORA;Mariana / consagração;Sim
CONTEMPLAREI JUSTIFICADO;;;;ENTRADA;Entrada;;;;Entrada / antífona;Sim
CONVOSCO ESTAREI TODOS OS DIAS;Pe. José Weber, SVD;Pe. José Weber, SVD;;COMUNHAO;Comunhão;;;;Comunhão / Ascensão do Senhor;Sim
CORAÇÃO CONTRITO;Flavinho;Flavinho;;ATO_PENITENCIAL;Ato Penitencial;https://www.cifraclub.com.br/flavinho/coracao-contrito/;https://www.cifraclub.com.br/flavinho/coracao-contrito/;;Ato penitencial / reconciliação;Sim
CRISTO, PÃO DOS POBRES;Pe. José Freitas Campos;Pe. José Freitas Campos;;ENTRADA;Entrada;;;https://www.youtube.com/watch?v=xfCTs4rXrFU;Entrada / Corpus Christi;Sim
DAI-NOS A BÊNÇÃO, Ó MÃE QUERIDA;Repertório católico tradicional;Músicas Católicas;;MARIANA;Mariana;https://www.cifraclub.com.br/catolicas/dai-nos-a-bencao-o-mae-querida/;https://www.cifraclub.com.br/catolicas/dai-nos-a-bencao-o-mae-querida/;https://www.youtube.com/results?search_query=M%C3%BAsicas+Cat%C3%B3licas+DAI-NOS+A+B%C3%8AN%C3%87%C3%83O%2C+%C3%93+M%C3%83E+QUERIDA;Mariana / bênção e devoção;Sim
DE PAZ SÃO MEUS PENSAMENTOS;;;;ENTRADA;Entrada;;;;Entrada / antífona;Sim
DE TODOS CANTOS VIEMOS;;;;ENTRADA;Entrada;;;;Entrada / assembleia;Sim
DEUS DE AMOR;"Pe. Josmar Braga; música: José Alves";CNBB / Música Litúrgica;;FINAL;Final;https://www.cifraclub.com.br/cnbb/deus-de-amor/;https://www.cifraclub.com.br/cnbb/deus-de-amor/;https://www.youtube.com/watch?v=cwhkYfcVsW4;Louvor final / Corpus Christi / adoração;Sim
DEUS DE AMOR NÓS TE ADORAMOS;CNBB / Música Litúrgica;CNBB / Música Litúrgica;;FINAL;Final;https://www.cifraclub.com.br/cnbb/deus-de-amor-nos-te-adoramos/;https://www.cifraclub.com.br/cnbb/deus-de-amor-nos-te-adoramos/;https://www.youtube.com/watch?v=hWusDIVCD4Y;Louvor final / Corpus Christi / adoração;Sim
DEUS ENVIOU AOS NOSSOS CORAÇÕES;Paulo Neto;Paulo Neto;;COMUNHAO;Comunhão;;;https://www.youtube.com/watch?v=AyYzfppRLpY;Comunhão / Santíssima Trindade;Sim
DEUS INFINITO;CNBB / Música Litúrgica;CNBB / Música Litúrgica;;FINAL;Final;https://www.cifraclub.com.br/cnbb/deus-infinito/;https://www.cifraclub.com.br/cnbb/deus-infinito/;https://www.youtube.com/watch?v=z6Ta9Ca3haw;Louvor final / Corpus Christi;Sim
DO CÉU DESCEU A CHUVA;"D. Marcos Barbosa; Maximiliano Hellmann";CNBB / Música Litúrgica;;COMUNHAO;Comunhão;https://www.cifraclub.com.br/cnbb/do-ceu-desceu-a-chuva/;https://www.cifraclub.com.br/cnbb/do-ceu-desceu-a-chuva/;https://www.youtube.com/watch?v=RBy06HNc7uY;Comunhão / alimento vindo do céu;Sim
DO SEU POVO ELE É A FORÇA;;;;ENTRADA;Entrada;;;;Entrada / confiança no Senhor;Sim
DOCE PRESENÇA;Comunidade Católica Shalom;Comunidade Católica Shalom;;ADORACAO;Adoração;https://www.cifraclub.com.br/comunidade-catolica-shalom/doce-presenca/;https://www.cifraclub.com.br/comunidade-catolica-shalom/doce-presenca/;https://www.youtube.com/results?search_query=Comunidade+Cat%C3%B3lica+Shalom+DOCE+PRESEN%C3%87A;Adoração / presença de Deus;Sim
EIS A PROCISSÃO DO REI, NOSSO DEUS;Reginaldo Veloso;CNBB / Música Litúrgica;;OFERTORIO;Apresentação das Oferendas;https://www.cifraclub.com.br/cnbb/eis-a-procissao-do-rei-nosso-deus/;https://www.cifraclub.com.br/cnbb/eis-a-procissao-do-rei-nosso-deus/;https://www.youtube.com/watch?v=g_ijkjxh0HA;Apresentação das oferendas / Pentecostes / Ascensão;Sim
EIS JESUS, O PÃO DA VIDA;Prof. Saraiva;CNBB / Música Litúrgica;;COMUNHAO;Comunhão;https://www.cifraclub.com.br/cnbb/eis-jesus-o-pao-da-vida/;https://www.cifraclub.com.br/cnbb/eis-jesus-o-pao-da-vida/;;Comunhão / Jesus, Pão da Vida;Sim
EIS OS PENSAMENTOS DO SEU CORAÇÃO;;;;ENTRADA;Entrada;;;;Entrada / Sagrado Coração;Sim
EM MEMÓRIA DE MIM;Cardeal Odilo Scherer;Cardeal Odilo Scherer;;COMUNHAO;Comunhão;;;https://www.youtube.com/watch?v=K0v5Nv11QI8;Comunhão / memória eucarística;Sim
ENTREMOS NA CASA DO SENHOR;José Acácio;José Acácio;;ENTRADA;Entrada;;;https://www.youtube.com/watch?v=mLw6i8Bn4uk;Entrada / Santíssima Trindade;Sim
ENVIAI O VOSSO ESPÍRITO, SENHOR;Frei Joel Postma, OFM;CNBB / Música Litúrgica;;ESPIRITO_SANTO;Espírito Santo;https://www.cifraclub.com.br/cnbb/enviai-o-vosso-espirito-senhor/;https://www.cifraclub.com.br/cnbb/enviai-o-vosso-espirito-senhor/;https://www.youtube.com/watch?v=JeHCABENzq4;Pentecostes / Salmo 103(104);Sim
ENVIAI, SENHOR!;"Madre Tarcísia; música: José Alves";José Alves;;FINAL;Final;;;https://www.youtube.com/results?search_query=Jos%C3%A9+Alves+ENVIAI%2C+SENHOR%21;Canto final / Pentecostes / envio;Sim
ESCUTA, SENHOR, A VOZ DO POVO TEU;"Frei Telles Ramon, O. de M.; música: Wanderson Luiz Freitas, O.Carm.";CNBB / Música Litúrgica;;OFERTORIO;Apresentação das Oferendas;https://www.cifraclub.com.br/cnbb/escuta-senhor-a-voz-do-povo-teu/;https://www.cifraclub.com.br/cnbb/escuta-senhor-a-voz-do-povo-teu/;;Apresentação das oferendas / Quaresma;Sim
ESPÍRITO CRIADOR;André Zamur;CNBB / Música Litúrgica;;OFERTORIO;Apresentação das Oferendas;https://www.cifraclub.com.br/cnbb/espirito-criador/;https://www.cifraclub.com.br/cnbb/espirito-criador/;https://www.youtube.com/watch?v=nyLQaQQvtMk;Apresentação das oferendas / Pentecostes;Sim
ESPÍRITO DE DEUS;Repertório católico;Músicas Católicas;;ESPIRITO_SANTO;Espírito Santo;https://www.cifraclub.com.br/catolicas/espirito-de-deus/;https://www.cifraclub.com.br/catolicas/espirito-de-deus/;https://www.youtube.com/results?search_query=M%C3%BAsicas+Cat%C3%B3licas+ESP%C3%8DRITO+DE+DEUS;Invocação e presença do Espírito Santo;Sim
ESPÍRITO SANTO DE DEUS;Repertório católico;Músicas Católicas;;ESPIRITO_SANTO;Espírito Santo;https://www.cifraclub.com.br/catolicas/espirito-santo-de-deus/;https://www.cifraclub.com.br/catolicas/espirito-santo-de-deus/;https://www.youtube.com/results?search_query=M%C3%BAsicas+Cat%C3%B3licas+ESP%C3%8DRITO+SANTO+DE+DEUS;Invocação ao Espírito Santo;Sim
ESPÍRITO SANTO, VINDE;Repertório católico;Músicas Católicas;;ESPIRITO_SANTO;Espírito Santo;https://www.cifraclub.com.br/catolicas/espirito-santo-vinde/;https://www.cifraclub.com.br/catolicas/espirito-santo-vinde/;https://www.youtube.com/results?search_query=M%C3%BAsicas+Cat%C3%B3licas+ESP%C3%8DRITO+SANTO%2C+VINDE;Invocação ao Espírito Santo;Sim
ESPÍRITO, ENCHE A MINHA VIDA;Repertório cristão;Músicas Católicas;;ESPIRITO_SANTO;Espírito Santo;https://www.cifraclub.com.br/catolicas/espirito-enche-a-minha-vida/;https://www.cifraclub.com.br/catolicas/espirito-enche-a-minha-vida/;https://www.youtube.com/results?search_query=M%C3%BAsicas+Cat%C3%B3licas+ESP%C3%8DRITO%2C+ENCHE+A+MINHA+VIDA;Oração ao Espírito Santo / renovação;Sim
ESTAREMOS AQUI REUNIDOS;"Ir. Míria T. Kolling; Pe. Lúcio Floro";CNBB / Música Litúrgica;;ESPIRITO_SANTO;Espírito Santo;https://www.cifraclub.com.br/cnbb/estaremos-aqui-reunidos/;https://www.cifraclub.com.br/cnbb/estaremos-aqui-reunidos/;https://www.youtube.com/watch?v=0FwVj_5oPAM;Pentecostes / assembleia reunida no Espírito;Sim
EU QUISERA;CNBB / Música Litúrgica;CNBB / Música Litúrgica;;FINAL;Final;https://www.cifraclub.com.br/cnbb/eu-quisera/;https://www.cifraclub.com.br/cnbb/eu-quisera/;https://www.youtube.com/watch?v=jpK0u7cCx60;Louvor final / Corpus Christi / adoração;Sim
EU SOU O PÃO;Pe. José Cândido da Silva;CNBB / Música Litúrgica;;COMUNHAO;Comunhão;https://www.cifraclub.com.br/cnbb/eu-sou-o-pao/;https://www.cifraclub.com.br/cnbb/eu-sou-o-pao/;https://www.youtube.com/watch?v=bmsE4JKdlEY;Comunhão / Pão da Vida / Hinário Litúrgico da CNBB;Sim
EU SOU O PÃO VIVO DESCIDO DO CÉU;Pe. José Weber, SVD;Pe. José Weber, SVD;;COMUNHAO;Comunhão;;;https://www.youtube.com/watch?v=H1AS7mDY1ag;Comunhão / Corpus Christi / Jo 6;Sim
EU TE ADORO;Comunidade Católica Shalom;Comunidade Católica Shalom;;ADORACAO;Adoração;https://www.cifraclub.com.br/comunidade-catolica-shalom/eu-te-adoro/;https://www.cifraclub.com.br/comunidade-catolica-shalom/eu-te-adoro/;https://www.youtube.com/results?search_query=Comunidade+Cat%C3%B3lica+Shalom+EU+TE+ADORO;Adoração / louvor;Sim
EU VIM AO MUNDO DAR TESTEMUNHO;;;;ENTRADA;Entrada;;;;Entrada / Cristo Rei;Sim
EUCARISTIA - DOM DE DEUS;Ir. Míria T. Kolling;Ir. Míria T. Kolling;;COMUNHAO;Comunhão;https://www.cifraclub.com.br/irma-miria-t-kolling/eucaristia-dom-de-deus/;https://www.cifraclub.com.br/irma-miria-t-kolling/eucaristia-dom-de-deus/;https://www.youtube.com/watch?v=auRB0z8EC6M;Comunhão / Eucaristia;Sim
FAZEI MEUS DISCÍPULOS;Pe. José Weber, SVD;Pe. José Weber, SVD;;COMUNHAO;Comunhão;;;;Comunhão / Ascensão do Senhor;Sim
FICO FELIZ EM VIR EM TUA CASA;;;;ENTRADA;Entrada;;;;Entrada / casa do Senhor;Sim
FOI ELEVADA MARIA AO CÉU;"Gradual Romano; música: Gílson Celerino";Gílson Celerino;;OFERTORIO;Apresentação das Oferendas;;;;Apresentação das oferendas / Assunção de Nossa Senhora;Sim
GLORIFICA O SENHOR, JERUSALÉM;Joseph Gelineau, SJ;CNBB / Música Litúrgica;;OFERTORIO;Apresentação das Oferendas;https://www.cifraclub.com.br/cnbb/glorifica-o-senhor-jerusalem/;https://www.cifraclub.com.br/cnbb/glorifica-o-senhor-jerusalem/;;Apresentação das oferendas / Ascensão do Senhor;Sim
GLÓRIA A DEUS PAI;Reginaldo Veloso;Reginaldo Veloso;;ENTRADA;Entrada;;;https://www.youtube.com/watch?v=-8tZqNI_8Q8;Entrada / Santíssima Trindade;Sim
GLÓRIA A JESUS NA HÓSTIA SANTA;CNBB / Música Litúrgica;CNBB / Música Litúrgica;;FINAL;Final;https://www.cifraclub.com.br/cnbb/gloria-a-jesus-na-hostia-santa/;https://www.cifraclub.com.br/cnbb/gloria-a-jesus-na-hostia-santa/;https://www.youtube.com/watch?v=k9g4-oPL9M0;Louvor final / Corpus Christi / adoração;Sim
GLÓRIA AO PAI, DOS HOMENS, DOS ANJOS;José Alves;José Alves;;ENTRADA;Entrada;;;https://www.youtube.com/watch?v=rFSQJjk4ilw;Entrada / Santíssima Trindade;Sim
GLÓRIA, AO PAI CRIADOR;Gustavo Balbinot;Gustavo Balbinot;;ENTRADA;Entrada;;;https://www.youtube.com/watch?v=uzaLHnvcaH4;Entrada / Santíssima Trindade;Sim
GRAÇAS VOS DOU, SENHOR;Frei Wanderson Luiz Freitas, O.Carm.;Frei Wanderson Luiz Freitas, O.Carm.;;COMUNHAO;Comunhão;;;;Comunhão / Santos Arcanjos / Salmo 137;Sim
HINO DE ADORAÇÃO;"Anônimo séc. XV; adaptação: Pe. Jacques Zwaanenburg";CNBB / Música Litúrgica;;FINAL;Final;https://www.cifraclub.com.br/cnbb/hino-de-adoracao/;https://www.cifraclub.com.br/cnbb/hino-de-adoracao/;https://www.youtube.com/watch?v=Rm-c7ruowIc;Louvor final / Corpus Christi / adoração e procissão;Sim
HOJE É TEMPO DE LOUVAR A DEUS;;;;ENTRADA;Entrada;;;;Entrada / louvor;Sim
HOMENAGEM A MARIA;"Pe. José Bortolini; música: Ir. Míria T. Kolling";Ir. Míria T. Kolling;;FINAL;Final;https://www.cifraclub.com.br/irma-miria-t-kolling/homenagem-a-maria/;https://www.cifraclub.com.br/irma-miria-t-kolling/homenagem-a-maria/;https://www.youtube.com/results?search_query=Ir.+M%C3%ADria+T.+Kolling+HOMENAGEM+A+MARIA;Canto final / mariano / Assunção de Nossa Senhora;Sim
HÓSTIAS E PRECES DE LOUVOR;Fr. Joel Postma, OFM;Fr. Joel Postma, OFM;;OFERTORIO;Apresentação das Oferendas;;;;Apresentação das oferendas / Fiéis Defuntos;Sim
IMACULADA;Missionário Shalom;Missionário Shalom;;MARIANA;Mariana;https://www.cifraclub.com.br/missionario-shalom/imaculada/;https://www.cifraclub.com.br/missionario-shalom/imaculada/;https://www.youtube.com/results?search_query=Mission%C3%A1rio+Shalom+IMACULADA;Mariana / Imaculada Conceição;Sim
IMACULADA MARIA DE DEUS;Repertório católico;Músicas Católicas;;MARIANA;Mariana;https://www.cifraclub.com.br/catolicas/imaculada-maria-de-deus/;https://www.cifraclub.com.br/catolicas/imaculada-maria-de-deus/;https://www.youtube.com/results?search_query=M%C3%BAsicas+Cat%C3%B3licas+IMACULADA+MARIA+DE+DEUS;Mariana / Imaculada Conceição;Sim
IMACULADA, MARIA DO POVO;Frei Fabreti, OFM;Frei Fabreti, OFM;;FINAL;Final;;;https://www.youtube.com/results?search_query=Frei+Fabreti%2C+OFM+IMACULADA%2C+MARIA+DO+POVO;Canto final / mariano / Assunção de Nossa Senhora;Sim
JESUS CRISTO ESTÁ REALMENTE;CNBB / Música Litúrgica;CNBB / Música Litúrgica;;FINAL;Final;https://www.cifraclub.com.br/cnbb/jesus-cristo-esta-realmente/;https://www.cifraclub.com.br/cnbb/jesus-cristo-esta-realmente/;https://www.youtube.com/watch?v=lHrHznnYcdM;Louvor final / Corpus Christi / adoração;Sim
JESUS CRISTO MORREU POR TODOS NÓS;Pe. José Weber, SVD;Pe. José Weber, SVD;;COMUNHAO;Comunhão;;;;Comunhão / Exaltação da Santa Cruz / 2Cor 5,15;Sim
JESUS CRISTO, SENDO DEUS;Reginaldo Veloso;Reginaldo Veloso;;COMUNHAO;Comunhão;;;;Comunhão / Exaltação da Santa Cruz / Fl 2,6-11;Sim
JESUS SACRAMENTADO, NOSSO SOL EUCARÍSTICO;Comunidade Católica Shalom;Comunidade Católica Shalom;;ADORACAO;Adoração;https://www.cifraclub.com.br/comunidade-catolica-shalom/jesus-sacramentado-nosso-sol-eucaristico/;https://www.cifraclub.com.br/comunidade-catolica-shalom/jesus-sacramentado-nosso-sol-eucaristico/;https://www.youtube.com/results?search_query=Comunidade+Cat%C3%B3lica+Shalom+JESUS+SACRAMENTADO%2C+NOSSO+SOL+EUCAR%C3%8DSTICO;Adoração eucarística;Sim
MAJESTOSA EUCARISTIA;Anjos de Resgate;Anjos de Resgate;;ADORACAO;Adoração;https://www.cifraclub.com.br/anjos-de-resgate/majestosa-eucaristia/;https://www.cifraclub.com.br/anjos-de-resgate/majestosa-eucaristia/;https://www.youtube.com/results?search_query=Anjos+de+Resgate+MAJESTOSA+EUCARISTIA;Adoração eucarística;Sim
MARIA DA MINHA INFÂNCIA;Pe. Zezinho, SCJ;Padre Zezinho;;MARIANA;Mariana;https://www.cifraclub.com.br/padre-zezinho/maria-da-minha-infancia/;https://www.cifraclub.com.br/padre-zezinho/maria-da-minha-infancia/;https://www.youtube.com/results?search_query=Padre+Zezinho+MARIA+DA+MINHA+INF%C3%82NCIA;Mariana / devoção filial;Sim
MARIA DE DEUS, SENHORA DA PAZ;Repertório católico;Músicas Católicas;;MARIANA;Mariana;https://www.cifraclub.com.br/catolicas/maria-de-deus-senhora-da-paz/;https://www.cifraclub.com.br/catolicas/maria-de-deus-senhora-da-paz/;https://www.youtube.com/results?search_query=M%C3%BAsicas+Cat%C3%B3licas+MARIA+DE+DEUS%2C+SENHORA+DA+PAZ;Mariana / Rainha da Paz;Sim
MARIA DE NAZARÉ;Pe. Zezinho, SCJ;Padre Zezinho;;MARIANA;Mariana;https://www.cifraclub.com.br/padre-zezinho/maria-de-nazare/;https://www.cifraclub.com.br/padre-zezinho/maria-de-nazare/;https://www.youtube.com/results?search_query=Padre+Zezinho+MARIA+DE+NAZAR%C3%89;Mariana / vida e missão de Maria;Sim
MARIA E O ANJO;Anjos de Resgate;Anjos de Resgate;;MARIANA;Mariana;https://www.cifraclub.com.br/anjos-de-resgate/maria-e-o-anjo/;https://www.cifraclub.com.br/anjos-de-resgate/maria-e-o-anjo/;https://www.youtube.com/results?search_query=Anjos+de+Resgate+MARIA+E+O+ANJO;Mariana / Anunciação;Sim
MARIA FOI ASSUNTA AO CÉU;"Gradual Romano; música: Frei Wanderson Luiz, O.Carm.";Frei Wanderson Luiz, O.Carm.;;OFERTORIO;Apresentação das Oferendas;;;;Apresentação das oferendas / Assunção de Nossa Senhora;Sim
MARIA PASSA À FRENTE;Frei Gilson;Frei Gilson;;MARIANA;Mariana;https://www.cifraclub.com.br/frei-gilson/maria-passa-a-frente/;https://www.cifraclub.com.br/frei-gilson/maria-passa-a-frente/;https://www.youtube.com/results?search_query=Frei+Gilson+MARIA+PASSA+%C3%80+FRENTE;Mariana / intercessão;Sim
MARIA, MINHA MÃE;Comunidade Católica Shalom;Comunidade Católica Shalom;;MARIANA;Mariana;https://www.cifraclub.com.br/comunidade-catolica-shalom/maria-minha-mae/;https://www.cifraclub.com.br/comunidade-catolica-shalom/maria-minha-mae/;https://www.youtube.com/results?search_query=Comunidade+Cat%C3%B3lica+Shalom+MARIA%2C+MINHA+M%C3%83E;Mariana / devoção e entrega;Sim
MARIA, MULHER FORTE;Repertório católico;Músicas Católicas;;MARIANA;Mariana;https://www.cifraclub.com.br/catolicas/maria-mulher-forte/;https://www.cifraclub.com.br/catolicas/maria-mulher-forte/;https://www.youtube.com/results?search_query=M%C3%BAsicas+Cat%C3%B3licas+MARIA%2C+MULHER+FORTE;Mariana / discipulado de Maria;Sim
MARIA, MÃE DA IGREJA;Repertório católico;Músicas Católicas;;MARIANA;Mariana;https://www.cifraclub.com.br/catolicas/maria-mae-da-igreja/;https://www.cifraclub.com.br/catolicas/maria-mae-da-igreja/;https://www.youtube.com/results?search_query=M%C3%BAsicas+Cat%C3%B3licas+MARIA%2C+M%C3%83E+DA+IGREJA;Mariana / Maria, Mãe da Igreja;Sim
MARIA, MÃE DA MINHA VIDA;Eliana Ribeiro;Eliana Ribeiro;;MARIANA;Mariana;https://www.cifraclub.com.br/eliana-ribeiro/maria-mae-da-minha-vida/;https://www.cifraclub.com.br/eliana-ribeiro/maria-mae-da-minha-vida/;https://www.youtube.com/results?search_query=Eliana+Ribeiro+MARIA%2C+M%C3%83E+DA+MINHA+VIDA;Mariana / entrega e devoção;Sim
MARIA, MÃE DOS CAMINHANTES;Pe. Zezinho, SCJ;Padre Zezinho;;MARIANA;Mariana;https://www.cifraclub.com.br/padre-zezinho/maria-mae-dos-caminhantes/;https://www.cifraclub.com.br/padre-zezinho/maria-mae-dos-caminhantes/;https://www.youtube.com/results?search_query=Padre+Zezinho+MARIA%2C+M%C3%83E+DOS+CAMINHANTES;Mariana / peregrinação e caminhada;Sim
MARIA, PORTA DO CÉU;Vida Reluz;Vida Reluz;;MARIANA;Mariana;https://www.cifraclub.com.br/vida-reluz/maria-porta-do-ceu/;https://www.cifraclub.com.br/vida-reluz/maria-porta-do-ceu/;https://www.youtube.com/results?search_query=Vida+Reluz+MARIA%2C+PORTA+DO+C%C3%89U;Mariana / intercessão;Sim
MARIA, TU QUE VELAS POR MIM;Repertório católico;Músicas Católicas;;MARIANA;Mariana;https://www.cifraclub.com.br/catolicas/maria-tu-que-velas-por-mim/;https://www.cifraclub.com.br/catolicas/maria-tu-que-velas-por-mim/;https://www.youtube.com/results?search_query=M%C3%BAsicas+Cat%C3%B3licas+MARIA%2C+TU+QUE+VELAS+POR+MIM;Mariana / intercessão;Sim
MEU TUDO;Comunidade Católica Shalom;Comunidade Católica Shalom;;ADORACAO;Adoração;https://www.cifraclub.com.br/comunidade-catolica-shalom/meu-tudo/;https://www.cifraclub.com.br/comunidade-catolica-shalom/meu-tudo/;https://www.youtube.com/results?search_query=Comunidade+Cat%C3%B3lica+Shalom+MEU+TUDO;Adoração / entrega a Cristo;Sim
MINH'ALMA DÁ GLÓRIAS AO SENHOR;Repertório litúrgico católico;Músicas Católicas;;MARIANA;Mariana;https://www.cifraclub.com.br/catolicas/minh-alma-da-glorias-ao-senhor/;https://www.cifraclub.com.br/catolicas/minh-alma-da-glorias-ao-senhor/;https://www.youtube.com/results?search_query=M%C3%BAsicas+Cat%C3%B3licas+MINH%27ALMA+D%C3%81+GL%C3%93RIAS+AO+SENHOR;Mariana / Magnificat;Sim
MINHA ESSÊNCIA;Thiago Brado;Thiago Brado;;POS_COMUNHAO;Pós-Comunhão / Ação de Graças;https://www.cifraclub.com.br/thiago-brado/minha-essencia/;https://www.cifraclub.com.br/thiago-brado/minha-essencia/;https://www.youtube.com/results?search_query=Thiago+Brado+MINHA+ESS%C3%8ANCIA;Pós-comunhão / entrega e oração;Sim
MISERICÓRDIA, Ó SENHOR;"Graduale Romanum; Liturgia das Horas; música: Frei Wanderson Luiz Freitas; Pe. J. Gelineau";CNBB / Música Litúrgica;;OFERTORIO;Apresentação das Oferendas;https://www.cifraclub.com.br/cnbb/misericordia-o-senhor/;https://www.cifraclub.com.br/cnbb/misericordia-o-senhor/;;Apresentação das oferendas / Fiéis Defuntos;Sim
MÃE DA CONFIANÇA;Comunidade Católica Shalom;Comunidade Católica Shalom;;MARIANA;Mariana;https://www.cifraclub.com.br/comunidade-catolica-shalom/mae-da-confianca/;https://www.cifraclub.com.br/comunidade-catolica-shalom/mae-da-confianca/;https://www.youtube.com/results?search_query=Comunidade+Cat%C3%B3lica+Shalom+M%C3%83E+DA+CONFIAN%C3%87A;Mariana / confiança e intercessão;Sim
MÃE DA FÉ;Anjos de Resgate;Anjos de Resgate;;MARIANA;Mariana;https://www.cifraclub.com.br/anjos-de-resgate/mae-da-fe/;https://www.cifraclub.com.br/anjos-de-resgate/mae-da-fe/;https://www.youtube.com/results?search_query=Anjos+de+Resgate+M%C3%83E+DA+F%C3%89;Mariana / fé e intercessão;Sim
MÃE DA PAZ;Missionário Shalom;Missionário Shalom;;MARIANA;Mariana;https://www.cifraclub.com.br/missionario-shalom/mae-da-paz/;https://www.cifraclub.com.br/missionario-shalom/mae-da-paz/;https://www.youtube.com/results?search_query=Mission%C3%A1rio+Shalom+M%C3%83E+DA+PAZ;Mariana / Rainha da Paz;Sim
MÃE DE TODAS AS MÃES;Eliana Ribeiro;Eliana Ribeiro;;MARIANA;Mariana;https://www.cifraclub.com.br/eliana-ribeiro/mae-de-todas-as-maes/;https://www.cifraclub.com.br/eliana-ribeiro/mae-de-todas-as-maes/;https://www.youtube.com/results?search_query=Eliana+Ribeiro+M%C3%83E+DE+TODAS+AS+M%C3%83ES;Mariana / maternidade e intercessão;Sim
MÃE DO CÉU;Frei Gilson;Frei Gilson;;MARIANA;Mariana;https://www.cifraclub.com.br/frei-gilson/mae-do-ceu/;https://www.cifraclub.com.br/frei-gilson/mae-do-ceu/;https://www.youtube.com/results?search_query=Frei+Gilson+M%C3%83E+DO+C%C3%89U;Mariana / devoção a Nossa Senhora;Sim
MÃE DO CÉU MORENA;Pe. Zezinho, SCJ;Padre Zezinho;;MARIANA;Mariana;https://www.cifraclub.com.br/padre-zezinho/mae-do-ceu-morena/;https://www.cifraclub.com.br/padre-zezinho/mae-do-ceu-morena/;https://www.youtube.com/results?search_query=Padre+Zezinho+M%C3%83E+DO+C%C3%89U+MORENA;Mariana / Nossa Senhora Aparecida;Sim
MÃE DO MEU SENHOR;Frei Gilson;Frei Gilson;;MARIANA;Mariana;https://www.cifraclub.com.br/frei-gilson/mae-do-meu-senhor/;https://www.cifraclub.com.br/frei-gilson/mae-do-meu-senhor/;https://www.youtube.com/results?search_query=Frei+Gilson+M%C3%83E+DO+MEU+SENHOR;Mariana / maternidade divina;Sim
MÃE DO NOVO HOMEM;Pe. Zezinho, SCJ;Padre Zezinho;;MARIANA;Mariana;https://www.cifraclub.com.br/padre-zezinho/mae-do-novo-homem/;https://www.cifraclub.com.br/padre-zezinho/mae-do-novo-homem/;https://www.youtube.com/results?search_query=Padre+Zezinho+M%C3%83E+DO+NOVO+HOMEM;Mariana / Maria, Mãe de Cristo e da Igreja;Sim
MÃE, EU QUERO TE AMAR;Frei Gilson;Frei Gilson;;MARIANA;Mariana;https://www.cifraclub.com.br/frei-gilson/mae-eu-quero-te-amar/;https://www.cifraclub.com.br/frei-gilson/mae-eu-quero-te-amar/;https://www.youtube.com/results?search_query=Frei+Gilson+M%C3%83E%2C+EU+QUERO+TE+AMAR;Mariana / devoção filial;Sim
MÃEZINHA DO CÉU;Repertório católico tradicional;Padre Marcelo Rossi;;MARIANA;Mariana;https://www.cifraclub.com.br/padre-marcelo-rossi/maezinha-do-ceu/;https://www.cifraclub.com.br/padre-marcelo-rossi/maezinha-do-ceu/;https://www.youtube.com/results?search_query=Padre+Marcelo+Rossi+M%C3%83EZINHA+DO+C%C3%89U;Mariana / devoção filial;Sim
NA PÁSCOA DA NOVA ALIANÇA;"Frei José Moacyr Cadenassi, OFMCap; música: Ir. Míria T. Kolling";Ir. Míria T. Kolling;;COMUNHAO;Comunhão;https://www.cifraclub.com.br/irma-miria-t-kolling/na-pascoa-da-nova-alianca/;https://www.cifraclub.com.br/irma-miria-t-kolling/na-pascoa-da-nova-alianca/;;Comunhão / Exaltação da Santa Cruz;Sim
NA ÁGUA E NO ESPÍRITO;Léo Mantovani;Léo Mantovani;B;ATO_PENITENCIAL;Ato Penitencial;;;;Ato penitencial / Batismo;Sim
NEM A VIDA, NEM A MORTE;Ir. Míria T. Kolling;Ir. Míria T. Kolling;;OFERTORIO;Apresentação das Oferendas;https://www.cifraclub.com.br/irma-miria-t-kolling/nem-a-vida-nem-a-morte/;https://www.cifraclub.com.br/irma-miria-t-kolling/nem-a-vida-nem-a-morte/;;Apresentação das oferendas / Fiéis Defuntos;Sim
NO SENHOR SE ENCONTRA A MISERICÓRDIA;"Missal Romano; Liturgia das Horas; música: Pe. Sílvio Milanez";Pe. Sílvio Milanez;;OFERTORIO;Apresentação das Oferendas;;;;Apresentação das oferendas / Missa pelos Fiéis Defuntos;Sim
NOITE EXCELSA;;;;ENTRADA;Entrada;;;;Entrada / Natal - Missa da Noite;Sim
NOSSA GLÓRIA É A CRUZ;Pe. José Weber, SVD;Pe. José Weber, SVD;;OFERTORIO;Apresentação das Oferendas;;;;Apresentação das oferendas / Exaltação da Santa Cruz;Sim
NOSSA SENHORA;"Roberto Carlos; Erasmo Carlos";Adriana Arydes;;MARIANA;Mariana;https://www.cifraclub.com.br/adriana/nossa-senhora/;https://www.cifraclub.com.br/adriana/nossa-senhora/;https://www.youtube.com/results?search_query=Adriana+Arydes+NOSSA+SENHORA;Mariana / devoção a Nossa Senhora;Sim
NOVA MISSÃO;Dirceu Vicente De Paula;Músicas Católicas;;FINAL;Final;https://www.cifraclub.com.br/catolicas/nova-missao/;https://www.cifraclub.com.br/catolicas/nova-missao/;https://www.youtube.com/results?search_query=M%C3%BAsicas+Cat%C3%B3licas+NOVA+MISS%C3%83O;Canto final / missão, evangelização e testemunho;Sim
NOVA UNÇÃO;Adriana Arydes;Adriana Arydes;;FINAL;Final;https://www.cifraclub.com.br/adriana/nova-uncao/;https://www.cifraclub.com.br/adriana/nova-uncao/;https://www.youtube.com/results?search_query=Adriana+Arydes+NOVA+UN%C3%87%C3%83O;"Canto final / envio e ação do Espírito; repertório classificado como FINAL";Sim
NOVO AMANHECER;Comunidade Católica Shalom;Comunidade Católica Shalom;;ENTRADA;Entrada;https://www.cifraclub.com.br/comunidade-catolica-shalom/novo-amanhecer/;https://www.cifraclub.com.br/comunidade-catolica-shalom/novo-amanhecer/;;Entrada / louvor;Sim
NÃO EXISTE AMOR SEM ENTREGA;"Fr. Gotzon Aulestia; versão: Ir. Míria T. Kolling";Ir. Míria T. Kolling;;COMUNHAO;Comunhão;https://www.cifraclub.com.br/irma-miria-t-kolling/nao-existe-amor-sem-entrega/;https://www.cifraclub.com.br/irma-miria-t-kolling/nao-existe-amor-sem-entrega/;https://www.youtube.com/watch?v=b9AkVgCfo8g;Comunhão / entrega e amor eucarístico;Sim
NÓS SOMOS MUITOS;Pe. José Weber, SVD;Pe. José Weber, SVD;;COMUNHAO;Comunhão;;;https://www.youtube.com/watch?v=pNYJ9ELiW3c;Comunhão / unidade eclesial na Eucaristia;Sim
NÓS TE DAMOS MUITAS GRAÇAS;"Antônio Prado; Frei Joel Postma, OFM";CNBB / Música Litúrgica;;COMUNHAO;Comunhão;https://www.cifraclub.com.br/cnbb/nos-te-damos-muitas-gracas/;https://www.cifraclub.com.br/cnbb/nos-te-damos-muitas-gracas/;https://www.youtube.com/watch?v=rCL8p7FzQ74;Comunhão / ação de graças / Hinário Litúrgico da CNBB;Sim
O AMOR DE DEUS COBRIU;"Ir. Míria T. Kolling; Pe. Lúcio Floro";CNBB / Música Litúrgica;;FINAL;Final;https://www.cifraclub.com.br/cnbb/o-amor-de-deus-cobriu/;https://www.cifraclub.com.br/cnbb/o-amor-de-deus-cobriu/;https://www.youtube.com/watch?v=BxvL5wsACYg;Canto final / Pentecostes;Sim
O ESPÍRITO DE DEUS, ALELUIA;José Raimundo;CNBB / Música Litúrgica;;ESPIRITO_SANTO;Espírito Santo;https://www.cifraclub.com.br/cnbb/o-espirito-de-deus-aleluia/;https://www.cifraclub.com.br/cnbb/o-espirito-de-deus-aleluia/;https://www.youtube.com/results?search_query=CNBB+%2F+M%C3%BAsica+Lit%C3%BArgica+O+ESP%C3%8DRITO+DE+DEUS%2C+ALELUIA;Pentecostes / Espírito de Deus;Sim
O ESPÍRITO DO SENHOR;"Frei José Moacyr Cadenassi, OFMCap; música: Frei José Luiz Prim, OFM";Frei José Luiz Prim, OFM;;FINAL;Final;;;https://www.youtube.com/results?search_query=Frei+Jos%C3%A9+Luiz+Prim%2C+OFM+O+ESP%C3%8DRITO+DO+SENHOR;Canto final / missão no Espírito / Assunção de Nossa Senhora;Sim
O ESPÍRITO DO SENHOR REPOUSA SOBRE MIM;Pe. José Weber, SVD;Pe. José Weber, SVD;;FINAL;Final;;;https://www.youtube.com/results?search_query=Pe.+Jos%C3%A9+Weber%2C+SVD+O+ESP%C3%8DRITO+DO+SENHOR+REPOUSA+SOBRE+MIM;Canto final / Pentecostes / missão;Sim
O PAI ENVIOU SEU FILHO QUERIDO;Pe. José Freitas Campos;Pe. José Freitas Campos;;COMUNHAO;Comunhão;;;https://www.youtube.com/watch?v=pFQejP-b8EI;Comunhão / Cristo enviado pelo Pai;Sim
O PÃO DA VIDA, A COMUNHÃO;Pe. José Weber, SVD;Pe. José Weber, SVD;;COMUNHAO;Comunhão;;;https://www.youtube.com/watch?v=jZVqI9Fo0jI;Comunhão / Pão da Vida / Hinário Litúrgico da CNBB;Sim
O PÃO DE DEUS É O PÃO DA VIDA;Pe. José Weber, SVD;Pe. José Weber, SVD;;COMUNHAO;Comunhão;;;https://www.youtube.com/watch?v=8PdnGv0JC_c;Comunhão / Pão da Vida / Hinário Litúrgico da CNBB;Sim
O SANTO NOME DO SENHOR;"Gradual Triplex; Liturgia das Horas; música: Frei Wanderson Luiz, O.Carm.";Frei Wanderson Luiz, O.Carm.;;OFERTORIO;Apresentação das Oferendas;;;;Apresentação das oferendas / Exaltação da Santa Cruz;Sim
O SENHOR PODEROSO EM AMOR;Reginaldo Veloso;Reginaldo Veloso;;COMUNHAO;Comunhão;;;https://www.youtube.com/watch?v=Q-QSiLs3-GY;Comunhão / convite ao banquete eucarístico;Sim
O SENHOR SUBIU AO CÉU, ALELUIA!;Reginaldo Veloso;Reginaldo Veloso;;COMUNHAO;Comunhão;;;;Comunhão / Ascensão do Senhor / Salmo 68(67);Sim
OBRA NOVA;Vida Reluz;Vida Reluz;;FINAL;Final;https://www.cifraclub.com.br/vida-reluz/obra-nova/;https://www.cifraclub.com.br/vida-reluz/obra-nova/;https://www.youtube.com/results?search_query=Vida+Reluz+OBRA+NOVA;"Canto final / missão e vida nova; repertório classificado como FINAL";Sim
OS CÉUS SE ABRIRAM;;;;ENTRADA;Entrada;;;;Entrada / Batismo do Senhor;Sim
OS OLHOS JAMAIS CONTEMPLARAM;Ir. Míria T. Kolling;Ir. Míria T. Kolling;;OFERTORIO;Apresentação das Oferendas;https://www.cifraclub.com.br/irma-miria-t-kolling/os-olhos-jamais-contemplaram/;https://www.cifraclub.com.br/irma-miria-t-kolling/os-olhos-jamais-contemplaram/;https://www.youtube.com/watch?v=QlhKjDlxwRw;Apresentação das oferendas / Fiéis Defuntos;Sim
PELAS ESTRADAS DA VIDA;;;;ENTRADA;Entrada;;;;Entrada / caminhada;Sim
PELO SINAL DA SANTA CRUZ;"Gradual Romano e Liturgia das Horas; música: Gílson Celerino";Gílson Celerino;;COMUNHAO;Comunhão;;;;Comunhão / Exaltação da Santa Cruz;Sim
PERANTE OS VOSSOS ANJOS;"Graduale Simplex; Liturgia das Horas; música: Angelo La Serra";Angelo La Serra;;OFERTORIO;Apresentação das Oferendas;;;;Apresentação das oferendas / Fiéis Defuntos;Sim
PERFEITO É QUEM TE CRIOU;Walmir Alencar;Vida Reluz;;MARIANA;Mariana;https://www.cifraclub.com.br/vida-reluz/perfeito-e-quem-te-criou/;https://www.cifraclub.com.br/vida-reluz/perfeito-e-quem-te-criou/;https://www.youtube.com/results?search_query=Vida+Reluz+PERFEITO+%C3%89+QUEM+TE+CRIOU;Mariana / Imaculada Conceição / louvor a Deus pela Virgem Maria;Sim
PIEDADE DE NÓS;Comunidade Católica Shalom;Comunidade Católica Shalom;;ATO_PENITENCIAL;Ato Penitencial;https://www.cifraclub.com.br/comunidade-catolica-shalom/piedade-de-nos/;https://www.cifraclub.com.br/comunidade-catolica-shalom/piedade-de-nos/;;Ato penitencial / perdão;Sim
PORQUE SOIS FILHOS;Frei Wanderson Luiz Freitas, O.Carm.;Frei Wanderson Luiz Freitas, O.Carm.;;COMUNHAO;Comunhão;;;https://www.youtube.com/watch?v=c10OZx3bMrQ;Comunhão / Santíssima Trindade / Gl 4,6;Sim
PRESENÇA DIVINA;Comunidade Católica Shalom;Comunidade Católica Shalom;;ADORACAO;Adoração;https://www.cifraclub.com.br/comunidade-catolica-shalom/presenca-divina/;https://www.cifraclub.com.br/comunidade-catolica-shalom/presenca-divina/;https://www.youtube.com/results?search_query=Comunidade+Cat%C3%B3lica+Shalom+PRESEN%C3%87A+DIVINA;Adoração / presença de Deus;Sim
PRESENÇA REAL;Marcos da Matta;Marcos da Matta;;COMUNHAO;Comunhão;;;https://www.youtube.com/watch?v=1TK8xeljCFw;Comunhão / presença real de Cristo na Eucaristia;Sim
PÃO E VINHO, PAI POREMOS;Ir. Míria T. Kolling;Ir. Míria T. Kolling;;OFERTORIO;Apresentação das Oferendas;https://www.cifraclub.com.br/irma-miria-t-kolling/pao-e-vinho-pai-poremos/;https://www.cifraclub.com.br/irma-miria-t-kolling/pao-e-vinho-pai-poremos/;https://www.youtube.com/watch?v=5-l_LHdj9cY;Apresentação das oferendas / Pentecostes;Sim
PÃO EM TODAS AS MESAS;CNBB / Música Litúrgica;CNBB / Música Litúrgica;;FINAL;Final;https://www.cifraclub.com.br/cnbb/pao-em-todas-as-mesas/;https://www.cifraclub.com.br/cnbb/pao-em-todas-as-mesas/;https://www.youtube.com/watch?v=Fz5WoxIDK54;Louvor final / Corpus Christi;Sim
QUANDO A PLENITUDE DOS TEMPOS CHEGOU;;;;ENTRADA;Entrada;;;;Entrada / Natal;Sim
QUANDO EU FOR EXALTADO;"Missal Romano e Lecionário; música: Frei Wanderson Luiz Freitas, O.Carm.";Frei Wanderson Luiz Freitas, O.Carm.;;COMUNHAO;Comunhão;;;;Comunhão / Exaltação da Santa Cruz / Jo 12,32;Sim
QUANDO O ESPÍRITO DE DEUS SOPROU;Zé Vicente;Zé Vicente;;FINAL;Final;https://www.cifraclub.com.br/ze-vicente/quando-o-espirito-de-deus-soprou/;https://www.cifraclub.com.br/ze-vicente/quando-o-espirito-de-deus-soprou/;https://www.youtube.com/watch?v=Iq9v14IztBI;Canto final / Pentecostes / envio no Espírito;Sim
QUE MARAVILHA, SENHOR, ESTAR AQUI;CNBB / Música Litúrgica;CNBB / Música Litúrgica;;OFERTORIO;Apresentação das Oferendas;https://www.cifraclub.com.br/cnbb/que-maravilha-senhor-estar-aqui/;https://www.cifraclub.com.br/cnbb/que-maravilha-senhor-estar-aqui/;;Apresentação das oferendas / Missa do Crisma / oferta comunitária;Sim
QUEM COME MINHA CARNE;Paulo Neto;Paulo Neto;;COMUNHAO;Comunhão;;;https://www.youtube.com/watch?v=bTObIitD9DU;Comunhão / Corpus Christi / discurso do Pão da Vida;Sim
QUEM HABITARÁ NA TUA CASA?;Jocy Rodrigues;Jocy Rodrigues;;OFERTORIO;Apresentação das Oferendas;;;;Apresentação das oferendas / Fiéis Defuntos;Sim
QUEM É ESTA QUE AVANÇA COMO A AURORA;Repertório católico;Vida Reluz;;MARIANA;Mariana;https://www.cifraclub.com.br/vida-reluz/quem-e-esta-que-avanca-como-a-aurora/;https://www.cifraclub.com.br/vida-reluz/quem-e-esta-que-avanca-como-a-aurora/;https://www.youtube.com/results?search_query=Vida+Reluz+QUEM+%C3%89+ESTA+QUE+AVAN%C3%87A+COMO+A+AURORA;Mariana / Imaculada / devoção;Sim
QUERO LEVAR ESTA BÍBLIA;;;;ENTRADA;Entrada;;;;Entrada / Palavra e missão;Sim
RECEBE, DEUS AMIGO;"Juracy B. A. Junior; música: Juliano Lima Lucas";CNBB / Música Litúrgica;;OFERTORIO;Apresentação das Oferendas;https://www.cifraclub.com.br/cnbb/recebe-deus-amigo/;https://www.cifraclub.com.br/cnbb/recebe-deus-amigo/;;Apresentação das oferendas / Quaresma;Sim
RECEBEMOS, Ó DEUS;;;;ENTRADA;Entrada;;;;Entrada / misericórdia;Sim
RETORNA, ISRAEL;Frei Telles Ramon, O. de M.;Frei Telles Ramon, O. de M.;;OFERTORIO;Apresentação das Oferendas;;;;Apresentação das oferendas / Quaresma;Sim
SANTA MANIFESTAÇÃO;;;;ENTRADA;Entrada;;;;Entrada / Epifania;Sim
SANTA MARIA DO CAMINHO;Juan Antonio Espinosa;Músicas Católicas;;MARIANA;Mariana;https://www.cifraclub.com.br/catolicas/santa-maria-do-caminho/;https://www.cifraclub.com.br/catolicas/santa-maria-do-caminho/;https://www.youtube.com/results?search_query=M%C3%BAsicas+Cat%C3%B3licas+SANTA+MARIA+DO+CAMINHO;Mariana / caminhada e missão;Sim
SANTA MÃE DE DEUS;;;;ENTRADA;Entrada;;;;Entrada / Santa Maria, Mãe de Deus;Sim
SANTA MÃE MARIA;Anjos de Resgate;Anjos de Resgate;;MARIANA;Mariana;https://www.cifraclub.com.br/anjos-de-resgate/santa-mae-maria/;https://www.cifraclub.com.br/anjos-de-resgate/santa-mae-maria/;https://www.youtube.com/results?search_query=Anjos+de+Resgate+SANTA+M%C3%83E+MARIA;Mariana / maternidade de Maria;Sim
SANTO ESPÍRITO;Frei Gilson;Frei Gilson;;ESPIRITO_SANTO;Espírito Santo;https://www.cifraclub.com.br/frei-gilson/santo-espirito/;https://www.cifraclub.com.br/frei-gilson/santo-espirito/;https://www.youtube.com/results?search_query=Frei+Gilson+SANTO+ESP%C3%8DRITO;Invocação ao Espírito Santo;Sim
SANTO MODELO DE LAR;;;;ENTRADA;Entrada;;;;Entrada / Sagrada Família;Sim
SEDE DE DEUS;José Raimundo Galvão;José Raimundo Galvão;;COMUNHAO;Comunhão;;;https://www.youtube.com/watch?v=1OS-NC4SzYg;Comunhão / desejo de Deus;Sim
SENHOR PIEDADE;Padre Marcelo Rossi;Padre Marcelo Rossi;;ATO_PENITENCIAL;Ato Penitencial;https://www.cifraclub.com.br/padre-marcelo-rossi/senhor-piedade/;https://www.cifraclub.com.br/padre-marcelo-rossi/senhor-piedade/;;Ato penitencial / perdão;Sim
SENHOR TENDE PIEDADE;Campanha da Fraternidade 2015;Campanha da Fraternidade 2015;D;ATO_PENITENCIAL;Ato Penitencial;;;;Ato penitencial / Quaresma;Sim
SENHOR TENDE PIEDADE E PERDOAI A NOSSA CULPA;Padre Marcelo Rossi;Padre Marcelo Rossi;;ATO_PENITENCIAL;Ato Penitencial;https://www.cifraclub.com.br/padre-marcelo-rossi/senhor-tende-piedade-e-perdoai-a-nossa-culpa/;https://www.cifraclub.com.br/padre-marcelo-rossi/senhor-tende-piedade-e-perdoai-a-nossa-culpa/;;Ato penitencial / reconciliação;Sim
SENHOR, MEU DEUS, QUANDO EU MARAVILHADO;"Adaptação de How Great Thou Art; melodia tradicional sueca";CNBB / Música Litúrgica;;FINAL;Final;https://www.cifraclub.com.br/cnbb/senhor-meu-deus-quando-eu-maravilhado/;https://www.cifraclub.com.br/cnbb/senhor-meu-deus-quando-eu-maravilhado/;https://www.youtube.com/results?search_query=CNBB+%2F+M%C3%BAsica+Lit%C3%BArgica+SENHOR%2C+MEU+DEUS%2C+QUANDO+EU+MARAVILHADO;Canto final / Santíssima Trindade / louvor final;Sim
SENHOR, TENDE PIEDADE DE NÓS;Léo Mantovani;Léo Mantovani;D;ATO_PENITENCIAL;Ato Penitencial;;;;Ato penitencial / reconciliação;Sim
SENHOR, VEM DAR-NOS SABEDORIA;"Ir. Míria T. Kolling; Pe. Lúcio Floro";CNBB / Música Litúrgica;;ESPIRITO_SANTO;Espírito Santo;https://www.cifraclub.com.br/cnbb/senhor-vem-dar-nos-sabedoria/;https://www.cifraclub.com.br/cnbb/senhor-vem-dar-nos-sabedoria/;https://www.youtube.com/watch?v=_U7vorWxnXw;Pentecostes / Comunhão / dons do Espírito;Sim
SEQUÊNCIA DE PENTECOSTES - VINDE, ESPÍRITO DIVINO;Sequência litúrgica de Pentecostes;CNBB / Música Litúrgica;;ESPIRITO_SANTO;Espírito Santo;https://www.cifraclub.com.br/cnbb/sequencia-de-pentecostes-vinde-espirito-divino/;https://www.cifraclub.com.br/cnbb/sequencia-de-pentecostes-vinde-espirito-divino/;https://www.youtube.com/results?search_query=CNBB+%2F+M%C3%BAsica+Lit%C3%BArgica+SEQU%C3%8ANCIA+DE+PENTECOSTES+-+VINDE%2C+ESP%C3%8DRITO+DIVINO;Pentecostes / sequência litúrgica Veni Sancte Spiritus;Sim
SUSCITAI, Ó SENHOR DEUS;Fr. Joel Postma;CNBB / Música Litúrgica;;OFERTORIO;Apresentação das Oferendas;https://www.cifraclub.com.br/cnbb/suscitai-o-senhor-deus/;https://www.cifraclub.com.br/cnbb/suscitai-o-senhor-deus/;https://www.youtube.com/watch?v=S6MSn1NN0po;Apresentação das oferendas / Pentecostes;Sim
SÃO FILHOS DE DEUS;"Reginaldo Veloso; José Américo Lacerda Jr.; Geraldo Leite Bastos";CNBB / Música Litúrgica;;COMUNHAO;Comunhão;https://www.cifraclub.com.br/cnbb/sao-filhos-de-deus/;https://www.cifraclub.com.br/cnbb/sao-filhos-de-deus/;https://www.youtube.com/watch?v=v-hSpzp-na8;Comunhão / Santíssima Trindade / Gl 4,6;Sim
SÚPLICA AO ESPÍRITO SANTO;Frei Luiz Turra;Frei Luiz Turra;;ESPIRITO_SANTO;Espírito Santo;;;https://www.youtube.com/watch?v=fOKcVXWNszE;Pentecostes / súplica ao Espírito Santo;Sim
TANTO DEUS AMOU O MUNDO;Pe. José Weber, SVD;Pe. José Weber, SVD;;COMUNHAO;Comunhão;;;;Comunhão / Exaltação da Santa Cruz / Jo 3,16;Sim
TENDE COMPAIXÃO DE NÓS, SENHOR;"Missal Romano; Frei José Luiz Prim OFM";CNBB - Setor Música Litúrgica;C;ATO_PENITENCIAL;Ato Penitencial;https://www.cifraclub.com.br/cnbb/tende-compaixao-de-nos-senhor/;https://www.cifraclub.com.br/cnbb/tende-compaixao-de-nos-senhor/;;Ato penitencial / 2ª fórmula / Quaresma;Sim
TODO O QUE VIVE E CRÊ EM MIM;Pe. José Weber, SVD;Pe. José Weber, SVD;;COMUNHAO;Comunhão;;;;Comunhão / Exaltação da Santa Cruz / Jo 11,26;Sim
TODOS FICARAM CHEIOS;Frei Wanderson Freitas;CNBB / Música Litúrgica;;ESPIRITO_SANTO;Espírito Santo;https://www.cifraclub.com.br/cnbb/todos-ficaram-cheios/;https://www.cifraclub.com.br/cnbb/todos-ficaram-cheios/;https://www.youtube.com/watch?v=_gEnacvnn5Y;Pentecostes / Comunhão;Sim
TODOS FICARAM CHEIOS DO ESPÍRITO SANTO;Frei Joel Postma, OFM;CNBB / Música Litúrgica;;ESPIRITO_SANTO;Espírito Santo;https://www.cifraclub.com.br/cnbb/todos-ficaram-cheios-do-espirito-santo/;https://www.cifraclub.com.br/cnbb/todos-ficaram-cheios-do-espirito-santo/;https://www.youtube.com/watch?v=qDXYr0efhaA;Pentecostes / Comunhão;Sim
TOTUS TUUS;Comunidade Católica Shalom;Comunidade Católica Shalom;;MARIANA;Mariana;https://www.cifraclub.com.br/comunidade-catolica-shalom/totus-tuus/;https://www.cifraclub.com.br/comunidade-catolica-shalom/totus-tuus/;https://www.youtube.com/results?search_query=Comunidade+Cat%C3%B3lica+Shalom+TOTUS+TUUS;Mariana / consagração a Nossa Senhora;Sim
TUDO O QUE É DO PAI, TAMBÉM É MEU;Pe. José Weber, SVD;Pe. José Weber, SVD;;COMUNHAO;Comunhão;;;https://www.youtube.com/watch?v=8LbG53_aVLw;Comunhão / Santíssima Trindade / Jo 16,15;Sim
UM CERTO GALILEU - MARIA DE NAZARÉ;Pe. Zezinho, SCJ;Padre Zezinho;;MARIANA;Mariana;https://www.cifraclub.com.br/padre-zezinho/um-certo-galileu-maria-de-nazare/;https://www.cifraclub.com.br/padre-zezinho/um-certo-galileu-maria-de-nazare/;https://www.youtube.com/results?search_query=Padre+Zezinho+UM+CERTO+GALILEU+-+MARIA+DE+NAZAR%C3%89;Mariana / contemplação de Maria de Nazaré;Sim
UM CÁLICE FOI LEVANTADO;Reginaldo Veloso;Reginaldo Veloso;;COMUNHAO;Comunhão;;;https://www.youtube.com/watch?v=1rRKBzmG0xI;Comunhão / cálice e ação de graças / Hinário Litúrgico da CNBB;Sim
UM MENINO NASCEU PARA NÓS;;;;ENTRADA;Entrada;;;;Entrada / Natal - Missa do Dia;Sim
VAMOS TODOS LOUVAR JUNTOS;"São Tomás de Aquino; Missal Romano; música: Ir. Míria T. Kolling";Ir. Míria T. Kolling;;FINAL;Final;https://www.cifraclub.com.br/irma-miria-t-kolling/vamos-todos-louvar-juntos/;https://www.cifraclub.com.br/irma-miria-t-kolling/vamos-todos-louvar-juntos/;https://www.youtube.com/watch?v=2wXJeC2O9AQ;Louvor final / Corpus Christi / adoração e procissão;Sim
VAMOS TODOS LOUVAR JUNTOS - FREI TELLES;"São Tomás de Aquino; Missal Romano; música: Frei Telles Ramon, O. de M.";Frei Telles Ramon, O. de M.;;FINAL;Final;;;https://www.youtube.com/watch?v=VdWDDJ2MWzo;Louvor final / Corpus Christi / adoração e procissão;Sim
VEM E NÃO DEMORES;Estevão Bruyland;CNBB / Música Litúrgica;;ESPIRITO_SANTO;Espírito Santo;https://www.cifraclub.com.br/cnbb/vem-e-nao-demores/;https://www.cifraclub.com.br/cnbb/vem-e-nao-demores/;https://www.youtube.com/watch?v=J4tr5vjOenw;Pentecostes / súplica ao Espírito Santo;Sim
VEM SANTÍSSIMA TRINDADE;José Acácio;José Acácio;;ENTRADA;Entrada;;;https://www.youtube.com/watch?v=B9JYvqMVnC8;Entrada / Santíssima Trindade;Sim
VEM, ESPÍRITO DE AMOR;Ministério Amor e Adoração;Ministério Amor e Adoração;;ESPIRITO_SANTO;Espírito Santo;https://www.cifraclub.com.br/ministerio-amor-e-adoracao/vem-espirito-de-amor/;https://www.cifraclub.com.br/ministerio-amor-e-adoracao/vem-espirito-de-amor/;https://www.youtube.com/results?search_query=Minist%C3%A9rio+Amor+e+Adora%C3%A7%C3%A3o+VEM%2C+ESP%C3%8DRITO+DE+AMOR;Invocação ao Espírito Santo / amor de Deus;Sim
VEM, ESPÍRITO DE DEUS;Repertório católico;Músicas Católicas;;ESPIRITO_SANTO;Espírito Santo;https://www.cifraclub.com.br/catolicas/vem-espirito-de-deus/;https://www.cifraclub.com.br/catolicas/vem-espirito-de-deus/;https://www.youtube.com/results?search_query=M%C3%BAsicas+Cat%C3%B3licas+VEM%2C+ESP%C3%8DRITO+DE+DEUS;Invocação ao Espírito Santo;Sim
VEM, ESPÍRITO DE LUZ;"André Zamur; Pe. Lúcio Floro";CNBB / Música Litúrgica;;FINAL;Final;https://www.cifraclub.com.br/cnbb/vem-espirito-de-luz/;https://www.cifraclub.com.br/cnbb/vem-espirito-de-luz/;https://www.youtube.com/watch?v=QKUQ-XR4MsU;Canto final / Pentecostes;Sim
VEM, ESPÍRITO SANTO, VEM;Repertório católico;Músicas Católicas;;ESPIRITO_SANTO;Espírito Santo;https://www.cifraclub.com.br/catolicas/vem-espirito-santo-vem/;https://www.cifraclub.com.br/catolicas/vem-espirito-santo-vem/;https://www.youtube.com/results?search_query=M%C3%BAsicas+Cat%C3%B3licas+VEM%2C+ESP%C3%8DRITO+SANTO%2C+VEM;Invocação ao Espírito Santo;Sim
VEM, ESPÍRITO SANTO, VEM!;D.R.;CNBB / Música Litúrgica;;FINAL;Final;https://www.cifraclub.com.br/cnbb/vem-espirito-santo-vem/;https://www.cifraclub.com.br/cnbb/vem-espirito-santo-vem/;https://www.youtube.com/results?search_query=CNBB+%2F+M%C3%BAsica+Lit%C3%BArgica+VEM%2C+ESP%C3%8DRITO+SANTO%2C+VEM%21;Canto final / Pentecostes;Sim
VENHAM TODOS PARA A CEIA DO SENHOR;Dom Carlos A.;Dom Carlos A.;;ENTRADA;Entrada;;;;Entrada / Corpus Christi;Sim
VINDE, ESPÍRITO SANTO;Repertório católico tradicional;Músicas Católicas;;ESPIRITO_SANTO;Espírito Santo;https://www.cifraclub.com.br/catolicas/vinde-espirito-santo/;https://www.cifraclub.com.br/catolicas/vinde-espirito-santo/;https://www.youtube.com/results?search_query=M%C3%BAsicas+Cat%C3%B3licas+VINDE%2C+ESP%C3%8DRITO+SANTO;Invocação ao Espírito Santo;Sim
VINDE, ESPÍRITO SANTO, ENCHEI OS CORAÇÕES;Repertório católico tradicional;Músicas Católicas;;ESPIRITO_SANTO;Espírito Santo;https://www.cifraclub.com.br/catolicas/vinde-espirito-santo-enchei-os-coracoes/;https://www.cifraclub.com.br/catolicas/vinde-espirito-santo-enchei-os-coracoes/;https://www.youtube.com/results?search_query=M%C3%BAsicas+Cat%C3%B3licas+VINDE%2C+ESP%C3%8DRITO+SANTO%2C+ENCHEI+OS+CORA%C3%87%C3%95ES;Invocação tradicional ao Espírito Santo;Sim
VINDE, Ó ESPÍRITO SANTO;Sequência litúrgica / repertório católico;Músicas Católicas;;ESPIRITO_SANTO;Espírito Santo;https://www.cifraclub.com.br/catolicas/vinde-o-espirito-santo/;https://www.cifraclub.com.br/catolicas/vinde-o-espirito-santo/;https://www.youtube.com/results?search_query=M%C3%BAsicas+Cat%C3%B3licas+VINDE%2C+%C3%93+ESP%C3%8DRITO+SANTO;Pentecostes / sequência e invocação;Sim
VINDES TODOS ADOREMOS;Ministério Amor e Adoração;Ministério Amor e Adoração;;ADORACAO;Adoração;https://www.cifraclub.com.br/ministerio-amor-e-adoracao/vindes-todos-adoremos/;https://www.cifraclub.com.br/ministerio-amor-e-adoracao/vindes-todos-adoremos/;https://www.youtube.com/results?search_query=Minist%C3%A9rio+Amor+e+Adora%C3%A7%C3%A3o+VINDES+TODOS+ADOREMOS;Adoração / convite à adoração;Sim
VIVA A MÃE DE DEUS E NOSSA;Repertório católico tradicional;Músicas Católicas;;MARIANA;Mariana;https://www.cifraclub.com.br/catolicas/viva-a-mae-de-deus-e-nossa/;https://www.cifraclub.com.br/catolicas/viva-a-mae-de-deus-e-nossa/;https://www.youtube.com/results?search_query=M%C3%BAsicas+Cat%C3%B3licas+VIVA+A+M%C3%83E+DE+DEUS+E+NOSSA;Mariana / Nossa Senhora Aparecida;Sim
VIVA CRISTO, NA HÓSTIA SAGRADA;CNBB / Música Litúrgica;CNBB / Música Litúrgica;;FINAL;Final;https://www.cifraclub.com.br/cnbb/viva-cristo-na-hostia-sagrada/;https://www.cifraclub.com.br/cnbb/viva-cristo-na-hostia-sagrada/;https://www.youtube.com/watch?v=CgYUN2Ju-1Q;Louvor final / Corpus Christi / adoração;Sim
VOCÊS SÃO DE DEUS, FILHOS;Pe. Geraldo Leite;Pe. Geraldo Leite;;COMUNHAO;Comunhão;;;https://www.youtube.com/watch?v=kQkLb16RyjY;Comunhão / Santíssima Trindade / Hinário Litúrgico da CNBB;Sim
VÓS SOIS DIGNO, SENHOR NOSSO DEUS;;;;ENTRADA;Entrada;;;https://www.youtube.com/watch?v=CUkN5uEQVo0;Entrada / Corpus Christi;Sim
VÓS SOIS O CAMINHO, A VERDADE, A VIDA;Pe. A. Vigne;CNBB / Música Litúrgica;;COMUNHAO;Comunhão;https://www.cifraclub.com.br/cnbb/vos-sois-o-caminho-a-verdade-a-vida/;https://www.cifraclub.com.br/cnbb/vos-sois-o-caminho-a-verdade-a-vida/;https://www.youtube.com/watch?v=bW0aOJBPKtc;Comunhão / Cristo caminho, verdade e vida;Sim
VÓS TODAS AS OBRAS DO SENHOR;Joseph Gelineau;Joseph Gelineau;;COMUNHAO;Comunhão;;;;Comunhão / Santos Arcanjos / Daniel 3,57-88;Sim
É COMO A CHUVA QUE LAVA;Padre Zezinho;Padre Zezinho;;ENTRADA;Entrada;https://www.cifraclub.com.br/padre-zezinho/e-como-a-chuva-que-lava/;https://www.cifraclub.com.br/padre-zezinho/e-como-a-chuva-que-lava/;;Entrada / Palavra de Deus;Sim
É GRANDE O SENHOR;"José Thomaz Filho; música: Frei Fabreti, OFM";Frei Fabreti, OFM;;OFERTORIO;Apresentação das Oferendas;;;;Apresentação das oferendas / Assunção de Nossa Senhora;Sim
Ó DEUS VIVO;Pe. José Weber;Pe. José Weber;;ENTRADA;Entrada;;;https://www.youtube.com/watch?v=fHWfyVu-pdo;Entrada / Santíssima Trindade;Sim
Ó MARIA CONCEBIDA SEM PECADO;Repertório católico tradicional;Músicas Católicas;;MARIANA;Mariana;https://www.cifraclub.com.br/catolicas/o-maria-concebida-sem-pecado/;https://www.cifraclub.com.br/catolicas/o-maria-concebida-sem-pecado/;https://www.youtube.com/results?search_query=M%C3%BAsicas+Cat%C3%B3licas+%C3%93+MARIA+CONCEBIDA+SEM+PECADO;Mariana / Imaculada Conceição;Sim
Ó PAI QUE PELO ESPÍRITO;Frei Fabreti, OFM;CNBB / Música Litúrgica;;OFERTORIO;Apresentação das Oferendas;https://www.cifraclub.com.br/cnbb/o-pai-que-pelo-espirito/;https://www.cifraclub.com.br/cnbb/o-pai-que-pelo-espirito/;https://www.youtube.com/watch?v=gOLwiuzlwoc;Apresentação das oferendas / Pentecostes;Sim
Ó VEM, DIVINO CRIADOR;Jaci Maraschin;CNBB / Música Litúrgica;;ESPIRITO_SANTO;Espírito Santo;https://www.cifraclub.com.br/cnbb/o-vem-divino-criador/;https://www.cifraclub.com.br/cnbb/o-vem-divino-criador/;https://www.youtube.com/watch?v=C7Svq83HlYE;Pentecostes / invocação ao Espírito Criador;Sim
